article1_id,article2_id,embedding_similarity,llm_confidence,reason,title1,title2,summary1,summary2,url1,url2
3,35,0.8570258700332475,1.0,Both articles report on Alphabet acquiring Intersect for $4.75bn to enhance AI capabilities and energy infrastructure in data centers.,Alphabet to acquire Intersect for $4.75bn in AI push,Alphabet Acquiring Data Center Firm Intersect,Alphabet is acquiring Intersect for $4.75bn to boost AI capabilities and accelerate energy development by expanding data center and generation capacity.,"Google's parent company Alphabet is acquiring Intersect, a data center firm, for $4.75 billion. This move aims to enhance AI data center capabilities and energy infrastructure.",https://www.verdict.co.uk/alphabet-to-acquire-intersect/,https://www.pymnts.com/acquisitions/2025/alphabet-acquiring-data-center-firm-intersect/
3,114,0.8915308398756634,0.9,"Both articles report on Alphabet's acquisition of Intersect for $4.75bn to enhance AI capabilities and focus on clean energy development, reflecting the same core story despite some differences in wording.",Alphabet to acquire Intersect for $4.75bn in AI push,Alphabet to buy clean energy developer Intersect in $4.75 billion deal amid AI push,Alphabet is acquiring Intersect for $4.75bn to boost AI capabilities and accelerate energy development by expanding data center and generation capacity.,Alphabet is acquiring clean energy developer Intersect for $4.75 billion as part of its AI expansion. This move reflects Big Tech's increased interest in energy companies due to challenges in meeting ,https://www.verdict.co.uk/alphabet-to-acquire-intersect/,https://economictimes.indiatimes.com/tech/technology/alphabet-to-buy-clean-energy-developer-intersect-in-4-75-billion-deal-amid-ai-push/articleshow/126126230.cms
3,1646,0.8751359807435654,1.0,"Both articles report on Alphabet's acquisition of Intersect for $4.75bn to enhance AI capabilities and energy development, emphasizing the impact on data centers and energy investments.",Alphabet to acquire Intersect for $4.75bn in AI push,Google parent Alphabet to acquire energy firm Intersect for $4.75 bn amid AI data centre push—details about the deal,Alphabet is acquiring Intersect for $4.75bn to boost AI capabilities and accelerate energy development by expanding data center and generation capacity.,"Google's parent company, Alphabet, is set to acquire energy firm Intersect for $4.75 billion, reflecting Big Tech's interest in energy investments. This move aligns with the growing energy demands of ",https://www.verdict.co.uk/alphabet-to-acquire-intersect/,https://www.livemint.com/companies/news/google-parent-alphabet-to-acquire-energy-firm-intersect-for-4-75-bn-amid-ai-data-centre-push-details-about-the-deal-11766429483960.html
39,246,0.8885300602986343,0.9,"Both articles discuss Pathos Communications' PathosMind identifying ten newsworthy individuals, with one focusing on leaders and the other on entrepreneurs. The core topic of identifying newsworthy figures through data analysis is the same.",Pathos Communications' PathosMind Highlights Ten Newsworthy Leaders,Pathos Communications' PathosMind Identifies Ten Newsworthy Entrepreneurs,Pathos Communications' PathosMind identifies ten newsworthy leaders by analyzing global news publishers and conversations among Pathos contacts. This agentic platform highlights individuals and ideas ,Pathos Communications' PathosMind utilizes extensive data to identify ten newsworthy entrepreneurs by monitoring news publishers and conversations across a global network of Pathos contacts. The platf,https://www.ibtimes.com/pathos-communications-pathosmind-highlights-ten-newsworthy-leaders-3793490,https://www.ibtimes.com/pathos-communications-pathosmind-identifies-ten-newsworthy-entrepreneurs-3793249
59,64,0.8868349232599889,0.9,"Both articles discuss Endra securing $20 million in seed funding to automate mechanical, electrical, and plumbing design for construction/commercial buildings, emphasizing the importance of advancing technology in building processes.","Endra secures $20M to automate mechanical, electrical and plumbing design for construction","Exclusive: Swedish startup automating mechanical, electrical, and plumbing design for commercial buildings raises $20 million in seed round","Endra Systems AB, an AI and generative design startup, secured $20 million in seed funding led by Notion Capital. The funding aims to automate mechanical, electrical, and plumbing design for construct","Swedish startup Endra raises $20 million in seed funding led by Notion Capital to automate mechanical, electrical, and plumbing design for commercial buildings. Endra claims to significantly decrease ",https://siliconangle.com/2025/12/19/endra-secures-20m-automate-mechanical-electrical-plumbing-design-construction/,https://fortune.com/2025/12/18/endra-ai-startup-automating-mep-design-sweden-20-million-seed-round-notion-capital/
60,1181,0.8973086488338999,0.9,"Both articles discuss Google's plan to launch data centers into space in 2027 to advance AI and computing, with mentions of SpaceX and Blue Origin's involvement.",Data Centers in Space: Will 2027 Really Be the Year AI Goes to Orbit?,Data centres in space: will 2027 really be the year AI goes to orbit?,Google aims to advance AI and computing by launching prototype satellites into orbit in early 2027. This move represents a significant step towards utilizing space-based data centers.,"In 2027, Google aims to begin testing data centers in space, with SpaceX and Blue Origin also exploring this concept. This initiative raises the question of whether artificial intelligence (AI) will b",https://singularityhub.com/2025/12/19/data-centers-in-space-will-2027-really-be-the-year-ai-goes-to-orbit/,https://theconversation.com/data-centres-in-space-will-2027-really-be-the-year-ai-goes-to-orbit-271018
114,1646,0.8923571153282178,0.9,"Both articles report on Alphabet's acquisition of clean energy developer Intersect for $4.75 billion amid an AI push, highlighting the importance of energy investments in meeting generative AI demands and enhancing AI data centers.",Alphabet to buy clean energy developer Intersect in $4.75 billion deal amid AI push,Google parent Alphabet to acquire energy firm Intersect for $4.75 bn amid AI data centre push—details about the deal,Alphabet is acquiring clean energy developer Intersect for $4.75 billion as part of its AI expansion. This move reflects Big Tech's increased interest in energy companies due to challenges in meeting ,"Google's parent company, Alphabet, is set to acquire energy firm Intersect for $4.75 billion, reflecting Big Tech's interest in energy investments. This move aligns with the growing energy demands of ",https://economictimes.indiatimes.com/tech/technology/alphabet-to-buy-clean-energy-developer-intersect-in-4-75-billion-deal-amid-ai-push/articleshow/126126230.cms,https://www.livemint.com/companies/news/google-parent-alphabet-to-acquire-energy-firm-intersect-for-4-75-bn-amid-ai-data-centre-push-details-about-the-deal-11766429483960.html
185,1317,0.918066856382537,1.0,"Both articles report on the merger between Trump Media & Technology Group and TAE Technologies in a $6 billion deal, highlighting the collaboration between a social media platform and a nuclear fusion energy company with potential implications for both industries.",Trump Truth Social is Merging with TAE Technologies Nuclear Fusion,Trump’s Truth Social Merges With Nuclear Fusion Company in $6 Billion Deal,"The parent company of Truth Social, Trump Media & Technology Group, is merging with TAE Technologies, a prominent private nuclear fusion energy company. The merger, valued at over $6 billion, involves","The article discusses the merger between Trump Media & Technology Group (TMTG), the company behind Truth Social, and nuclear fusion firm TAE Technologies in a $6 billion deal. This strategic move aims",https://www.nextbigfuture.com/2025/12/trump-truth-social-is-merging-with-tae-technologies-nuclear-fusion.html,https://freerepublic.com/focus/f-news/4358044/posts
185,1322,0.8855602510727923,1.0,"Both articles report on the merger between Trump Media & Technology Group and TAE Technologies in a $6 billion deal, involving Truth Social's entry into fusion energy. The summaries highlight the strategic move of combining a social media company with a nuclear fusion technology firm, emphasizing the significance of this partnership in both industries.",Trump Truth Social is Merging with TAE Technologies Nuclear Fusion,Trump Goes Nuclear: Truth Social’s $6 Billion Leap into Fusion Energy,"The parent company of Truth Social, Trump Media & Technology Group, is merging with TAE Technologies, a prominent private nuclear fusion energy company. The merger, valued at over $6 billion, involves","The article discusses Trump Media & Technology Group's merger with TAE Technologies in a $6 billion deal, marking Truth Social's entry into fusion energy. This strategic move combines a social media c",https://www.nextbigfuture.com/2025/12/trump-truth-social-is-merging-with-tae-technologies-nuclear-fusion.html,https://oilprice.com/Energy/Energy-General/Trump-Goes-Nuclear-Truth-Socials-6-Billion-Leap-into-Fusion-Energy.html
186,192,0.8551827877815353,0.9,Both articles discuss Bernie Sanders' call for a halt on new data center construction to address concerns about rapid growth and technological advancement.,Bernie Sanders Calls for Halt on Construction of New Data Centers,Bernie Sanders Wants To Pause New Data Centers To Stop the Economy From Growing Too Much,Bernie Sanders has called for a halt on the construction of new data centers due to the rapid pace of the process. This move aims to slow down the development of data centers. The article highlights S,Bernie Sanders proposes a halt on new data centers to curb the rapid growth of the artificial intelligence and robotics sectors. This initiative aims to prevent the economy from expanding excessively.,http://futurism.com/future-society/bernie-sanders-ai-data-centers,https://reason.com/2025/12/17/bernie-sanders-wants-to-pause-new-data-centers-to-stop-the-economy-from-growing-too-much/
186,193,0.8531023136541769,0.8,"Both articles discuss Bernie Sanders' proposal to halt the construction of new data centers, highlighting concerns about the rapid pace of development and the need for regulation in the AI industry.",Bernie Sanders Calls for Halt on Construction of New Data Centers,Datacenters feel the Bern as Senator Sanders pushes bit barn building pause,Bernie Sanders has called for a halt on the construction of new data centers due to the rapid pace of the process. This move aims to slow down the development of data centers. The article highlights S,US Senator Bernie Sanders is proposing a nationwide moratorium on datacenter construction to allow time for regulation of the AI industry. This pause aims to ensure democracy can keep pace with techno,http://futurism.com/future-society/bernie-sanders-ai-data-centers,https://www.theregister.com/2025/12/17/datacenter_ai_bernie_sanders/
191,192,0.8697238091946508,0.9,"Both articles discuss Bernie Sanders' proposal to pause new data centers, although they emphasize different aspects such as AI impact and economic growth.",Bernie Sanders Calls for Pause on New AI Data Centers,Bernie Sanders Wants To Pause New Data Centers To Stop the Economy From Growing Too Much,Bernie Sanders advocates for a nationwide halt on constructing new AI data centers to address concerns about AI's impact. Sanders aims to regulate AI by proposing a pause on expanding these facilities,Bernie Sanders proposes a halt on new data centers to curb the rapid growth of the artificial intelligence and robotics sectors. This initiative aims to prevent the economy from expanding excessively.,https://www.newser.com/story/380552/bernie-sanders-calls-for-pause-on-new-ai-data-centers.html,https://reason.com/2025/12/17/bernie-sanders-wants-to-pause-new-data-centers-to-stop-the-economy-from-growing-too-much/
191,193,0.8537148234619167,0.9,Both articles discuss Bernie Sanders' proposal for a nationwide pause on constructing new AI data centers to regulate the AI industry and address concerns about technological advancements.,Bernie Sanders Calls for Pause on New AI Data Centers,Datacenters feel the Bern as Senator Sanders pushes bit barn building pause,Bernie Sanders advocates for a nationwide halt on constructing new AI data centers to address concerns about AI's impact. Sanders aims to regulate AI by proposing a pause on expanding these facilities,US Senator Bernie Sanders is proposing a nationwide moratorium on datacenter construction to allow time for regulation of the AI industry. This pause aims to ensure democracy can keep pace with techno,https://www.newser.com/story/380552/bernie-sanders-calls-for-pause-on-new-ai-data-centers.html,https://www.theregister.com/2025/12/17/datacenter_ai_bernie_sanders/
191,194,0.8946897844845424,0.9,"Both articles discuss Bernie Sanders advocating for a pause in constructing new AI data centers to regulate AI development and ensure equitable benefits, reflecting a shared topic on AI governance.",Bernie Sanders Calls for Pause on New AI Data Centers,Sen. Bernie Sanders: Here's Why We Need to Halt AI Data Center Construction,Bernie Sanders advocates for a nationwide halt on constructing new AI data centers to address concerns about AI's impact. Sanders aims to regulate AI by proposing a pause on expanding these facilities,"US Senator Bernie Sanders advocates for a halt in the construction of AI data centers to prioritize regulation and ensure equitable benefits for all Americans, not just tech elites. Sanders emphasizes",https://www.newser.com/story/380552/bernie-sanders-calls-for-pause-on-new-ai-data-centers.html,https://me.pcmag.com/en/ai/34241/sen-bernie-sanders-heres-why-we-need-to-halt-ai-data-center-construction
191,197,0.8583913807280654,1.0,"Both articles report on Bernie Sanders calling for a pause on AI data center construction to ensure AI benefits a broader population, not just the wealthy elite.",Bernie Sanders Calls for Pause on New AI Data Centers,"Bernie Sanders calls for halt on AI data center construction — wants to ensure that the technology benefits ‘all of us, not just the 1%’",Bernie Sanders advocates for a nationwide halt on constructing new AI data centers to address concerns about AI's impact. Sanders aims to regulate AI by proposing a pause on expanding these facilities,"U.S. Senator Bernie Sanders advocates for a pause in AI data center construction to guarantee that artificial intelligence benefits a broader population, not just the wealthy elite. Sanders emphasizes",https://www.newser.com/story/380552/bernie-sanders-calls-for-pause-on-new-ai-data-centers.html,https://www.tomshardware.com/tech-industry/artificial-intelligence/bernie-sanders-calls-for-halt-on-ai-data-center-construction-wants-to-ensure-that-the-technology-benefits-all-of-us-not-just-the-1-percent
192,193,0.8518770989248753,0.9,Both articles discuss Bernie Sanders proposing a pause on new data center construction to regulate the AI industry and address concerns about rapid technological growth.,Bernie Sanders Wants To Pause New Data Centers To Stop the Economy From Growing Too Much,Datacenters feel the Bern as Senator Sanders pushes bit barn building pause,Bernie Sanders proposes a halt on new data centers to curb the rapid growth of the artificial intelligence and robotics sectors. This initiative aims to prevent the economy from expanding excessively.,US Senator Bernie Sanders is proposing a nationwide moratorium on datacenter construction to allow time for regulation of the AI industry. This pause aims to ensure democracy can keep pace with techno,https://reason.com/2025/12/17/bernie-sanders-wants-to-pause-new-data-centers-to-stop-the-economy-from-growing-too-much/,https://www.theregister.com/2025/12/17/datacenter_ai_bernie_sanders/
194,197,0.8964249222057259,1.0,"Both articles report on Senator Bernie Sanders advocating for a halt in AI data center construction to ensure equitable benefits for all Americans, not just the wealthy elite. The main points and message are consistent across both summaries.",Sen. Bernie Sanders: Here's Why We Need to Halt AI Data Center Construction,"Bernie Sanders calls for halt on AI data center construction — wants to ensure that the technology benefits ‘all of us, not just the 1%’","US Senator Bernie Sanders advocates for a halt in the construction of AI data centers to prioritize regulation and ensure equitable benefits for all Americans, not just tech elites. Sanders emphasizes","U.S. Senator Bernie Sanders advocates for a pause in AI data center construction to guarantee that artificial intelligence benefits a broader population, not just the wealthy elite. Sanders emphasizes",https://me.pcmag.com/en/ai/34241/sen-bernie-sanders-heres-why-we-need-to-halt-ai-data-center-construction,https://www.tomshardware.com/tech-industry/artificial-intelligence/bernie-sanders-calls-for-halt-on-ai-data-center-construction-wants-to-ensure-that-the-technology-benefits-all-of-us-not-just-the-1-percent
199,204,0.8940505592102114,0.9,"Both articles report on the same event of the US gaining 64,000 jobs in November and losing 105,000 jobs in October, with the unemployment rate at 4.6%. They provide slightly different details but cover the same core story.","U.S. gained 64,000 jobs in November but lost 105,000 in October; unemployment rate at 4.6%","The US gained 64,000 jobs in November but lost 105,000 in October; unemployment rate at 4.6%","In November, the United States gained 64,000 jobs but lost 105,000 in October due to federal worker departures post cutbacks. The unemployment rate increased to 4.6%, the highest in recent times. The ","In November, the US gained 64,000 jobs following a loss of 105,000 jobs in October, with the unemployment rate reaching 4.6%. Federal worker departures impacted October's figures. Job growth was notab",https://japantoday.com/category/business/employers-likely-added-40-000-jobs-in-november-as-government-releases-report-delayed-by-shutdown,https://economictimes.indiatimes.com/news/international/world-news/the-us-gained-64000-jobs-in-november-but-lost-105000-in-october-unemployment-rate-at-4-6/articleshow/126009080.cms
199,709,0.8556158811781923,1.0,"Both articles report on the same event of the U.S. gaining 64,000 jobs in November but losing 105,000 in October, leading to an increase in the unemployment rate to 4.6%. They discuss the impact of policy changes and economic challenges on the labor market.","U.S. gained 64,000 jobs in November but lost 105,000 in October; unemployment rate at 4.6%","The U.S. gained 64,000 jobs in November but lost 105,000 in October as the unemployment rate rose to 4.6%","In November, the United States gained 64,000 jobs but lost 105,000 in October due to federal worker departures post cutbacks. The unemployment rate increased to 4.6%, the highest in recent times. The ","In November, the U.S. gained 64,000 jobs, but in October, it lost 105,000 jobs, leading to a rise in the unemployment rate to 4.6%. Hiring slowdown is attributed to uncertainties from President Trump'",https://japantoday.com/category/business/employers-likely-added-40-000-jobs-in-november-as-government-releases-report-delayed-by-shutdown,https://www.pbs.org/newshour/economy/the-u-s-gained-64000-jobs-in-november-but-lost-105000-in-october-as-the-unemployment-rate-rose-to-4-6
243,244,0.8787052902874914,0.9,Both articles discuss Walmart and other US companies addressing the shortage of skilled tradespeople through training programs to ensure smooth operations.,Walmart and other US companies want to build a pipeline of skilled tradespeople,Walmart and other US companies struggle to replace retiring tradespeople,Walmart and other U.S. companies are focusing on developing a pipeline of skilled tradespeople due to the decreasing number of such workers in the country. Walmart is proactively training its workforc,"Walmart is addressing the shortage of skilled tradespeople in the U.S. by enhancing its training program to maintain operations smoothly. As the largest retailer and employer in the country, Walmart i",https://abcnews.go.com/Business/wireStory/walmart-us-companies-build-pipeline-skilled-tradespeople-128577943,https://apnews.com/article/skilled-trades-labor-shortage-walmart-maintenance-5ab4bf643840a6a49660aa96bf32223b
463,464,0.8839902621434125,0.9,"Both articles discuss how AI is being used to extract hidden heart data from the Apple Watch sensor, emphasizing the significance of this technological advancement in health monitoring.",Apple researchers unlock hidden heart data from Apple Watch sensor using AI,New study shows how AI could unlock deeper heart data from the Apple Watch’s optical sensor,Researchers at Apple have successfully utilized artificial intelligence to uncover concealed heart data from the Apple Watch sensor. This development is significant in the realm of wearable technology,A recent study explores the potential of AI to extract more detailed cardiac data from the Apple Watch's optical sensor. This advancement could provide deeper insights into heart health. The article d,https://macdailynews.com/2025/12/03/apple-researchers-unlock-hidden-heart-data-from-apple-watch-sensor-using-ai/,https://9to5mac.com/2025/12/02/apple-watch-study-ai-health-data-optical-sensor/
541,1254,0.8677737187857011,0.9,"Both articles discuss Hisense's focus on modularity and innovation in home appliances at CES 2026, highlighting advancements in design and user experience.",Hisense Reimagines Domestic Space Through Modularity and Ergonomic Intelligence at CES 2026,Hisense Bets Big on AI and Modularity for Home Appliances at CES 2026,"Hisense presented innovative modularity and ergonomic intelligence in domestic appliances at CES 2026, going beyond typical accessory-based modularity. Their approach redefines domestic spaces, emphas",Hisense is focusing on AI and modularity for home appliances at CES 2026. The company aims to address common consumer frustrations like inefficient appliances and lack of communication between devices,https://www.yankodesign.com/2025/12/18/hisense-reimagines-domestic-space-through-modularity-and-ergonomic-intelligence-at-ces-2026/,https://the-gadgeteer.com/2025/12/18/hisense-bets-big-on-ai-and-modularity-for-home-appliances-at-ces-2026/
587,588,0.9028863265293533,0.9,"Both articles discuss how AI data centers are causing outdated 'peaker' power plants to be reactivated, highlighting the impact on the energy sector.",AI data centers are forcing obsolete 'peaker' power plants back into service,AI data centers are forcing obsolete ‘peaker’ power plants back into service,"AI data centers are causing a resurgence in outdated 'peaker' power plants, as revealed by an analysis of filings with a major power grid. Approximately 60% of oil, gas, and coal plants scheduled for ","AI data centers are causing outdated 'peaker' power plants to be reactivated, as seen in Chicago's Pilsen neighborhood. The 60s-era oil-fired power plant is being brought back into service due to the ",https://economictimes.indiatimes.com/tech/artificial-intelligence/ai-data-centers-are-forcing-obsolete-peaker-power-plants-back-into-service/articleshow/126141115.cms,https://www.channelnewsasia.com/business/ai-data-centers-are-forcing-obsolete-peaker-power-plants-back-service-5691931
587,589,0.8692038331099258,0.9,"Both articles discuss how AI data centers are leading to the reactivation of 'peaker' power plants due to increased energy demands, highlighting the impact on the energy sector and environmental concerns.",AI data centers are forcing obsolete 'peaker' power plants back into service,AI data centers are forcing dirty ‘peaker’ power plants back into service,"AI data centers are causing a resurgence in outdated 'peaker' power plants, as revealed by an analysis of filings with a major power grid. Approximately 60% of oil, gas, and coal plants scheduled for ","AI data centers are causing the reactivation of 'peaker' power plants like the oil-fired facility in Chicago's Pilsen neighborhood. These older, dirtier plants are being brought back online to meet th",https://economictimes.indiatimes.com/tech/artificial-intelligence/ai-data-centers-are-forcing-obsolete-peaker-power-plants-back-into-service/articleshow/126141115.cms,https://www.channelnewsasia.com/business/ai-data-centers-are-forcing-dirty-peaker-power-plants-back-service-5691931
588,589,0.9471536392045581,0.9,"Both articles discuss how AI data centers are leading to the reactivation of 'peaker' power plants, specifically focusing on the case of an oil-fired plant in Chicago's Pilsen neighborhood due to increased energy demands. The main points and concerns raised are consistent across both summaries.",AI data centers are forcing obsolete ‘peaker’ power plants back into service,AI data centers are forcing dirty ‘peaker’ power plants back into service,"AI data centers are causing outdated 'peaker' power plants to be reactivated, as seen in Chicago's Pilsen neighborhood. The 60s-era oil-fired power plant is being brought back into service due to the ","AI data centers are causing the reactivation of 'peaker' power plants like the oil-fired facility in Chicago's Pilsen neighborhood. These older, dirtier plants are being brought back online to meet th",https://www.channelnewsasia.com/business/ai-data-centers-are-forcing-obsolete-peaker-power-plants-back-service-5691931,https://www.channelnewsasia.com/business/ai-data-centers-are-forcing-dirty-peaker-power-plants-back-service-5691931
605,1135,0.9307117281512862,0.9,"Both articles discuss the critical importance of the upcoming year in determining Gaza's recovery progress, emphasizing the need for timely actions to avoid prolonged delays and conflict.",How to Keep Gaza's Recovery from Becoming an 80-Year Project,How to Keep Gaza’s Recovery From Becoming an 80-Year Project,The article discusses the critical importance of the upcoming year in determining whether Gaza's recovery will progress effectively or remain stagnant. Emphasizing the need for precise planning to pro,The article discusses the critical need to prevent Gaza's recovery from becoming an 80-year project and emphasizes the importance of the upcoming year in breaking the cycle of violence in the region. ,https://www.rand.org/pubs/commentary/2025/12/how-to-keep-gazas-recovery-from-becoming-an-80-year.html,http://foreignpolicy.com/2025/12/17/war-gaza-rebuilding-palestinian-reconstruction-plan/
610,611,0.8944813524965608,0.9,"Both articles discuss Morgan Stanley's potential role in leading SpaceX's IPO, emphasizing the bank's strong position and competition among financial institutions.","Morgan Stanley seen as front-runner for SpaceX IPO, sources say",Morgan Stanley favourite to lead SpaceX IPO,"Morgan Stanley is likely the top contender for handling SpaceX's IPO, competing against other major banks like Goldman Sachs and JPMorgan. The selection process is ongoing, with no final decision made",Morgan Stanley is positioned as a top candidate to lead SpaceX's upcoming initial public offering due to its strong relationship with CEO Elon Musk. The bank's close ties to Musk provide it with an ad,https://economictimes.indiatimes.com/tech/technology/morgan-stanley-seen-as-front-runner-for-spacex-ipo-sources-say/articleshow/126082891.cms,https://www.rte.ie/news/2025/1219/1549896-spacex-ipo-musk/
639,657,0.8764189790809619,0.9,Both articles discuss Rail Vision's acquisition of Quantum AI technology for enhancing rail safety and advancing in the transportation sector. They focus on the same core story with slightly different emphases.,Rail Vision: Quantum AI Powers Next-Gen Rail Safety Breakthroughs,Rail Vision Enters the Quantum Transportation Market with Strategic Acquisition Agreement,Rail Vision has made a significant move in the transportation sector by acquiring Quantum AI technology for enhancing rail safety. This strategic agreement signifies a breakthrough in next-generation ,"Rail Vision Ltd., a technology company, has entered the quantum transportation market through a strategic acquisition agreement. The company aims to innovate railway safety and data-related services. ",https://www.globenewswire.com/news-release/2025/12/12/3204642/0/en/Rail-Vision-Quantum-AI-Powers-Next-Gen-Rail-Safety-Breakthroughs.html,https://www.globenewswire.com/news-release/2025/12/01/3196987/0/en/Rail-Vision-Enters-the-Quantum-Transportation-Market-with-Strategic-Acquisition-Agreement.html
682,693,0.8674953255085975,0.9,"Both articles discuss the AI Excellence Awards 2026, focusing on the application of AI in leadership development and talent management. While the specific details vary, the core topic and event are the same.",AI Excellence Awards 2026: Best Strategic Application Of AI In Leadership Development,AI Excellence Awards 2026: Most Effective Implementation Of AI For Talent Development And Management,"The article discusses the AI Excellence Awards 2026 for the best strategic application of AI in leadership development. It highlights organizations leveraging AI to personalize coaching, improve decis",The article discusses the AI Excellence Awards 2026 winners for their outstanding implementation of AI in talent development and management. These companies are revolutionizing the field with advancem,https://elearningindustry.com/ai-excellence-awards-best-strategic-application-of-ai-in-leadership-development,https://elearningindustry.com/ai-excellence-awards-most-effective-implementation-of-ai-for-talent-development-management
733,745,0.8518713498852001,0.9,Both articles discuss NASA's plan to send a commercial robotic arm to low Earth orbit in 2027 to enhance in-space robotics capabilities and advance technology for space exploration.,NASA to send a robotic arm into low Earth orbit,NASA to test commercial robotic arm in orbit to advance in space construction,"NASA and its partners are preparing to send a commercial robotic arm to low Earth orbit by late 2027. This initiative aims to enhance in-space robotics capabilities, seen as vital for upcoming space m",NASA and industry partners are collaborating to test a commercial robotic arm in low Earth orbit through the Fly Foundational Robots mission in 2027. This initiative aims to advance in-space operation,https://www.notebookcheck.net/NASA-to-send-a-robotic-arm-into-low-Earth-orbit.1180292.0.html,https://www.spacedaily.com/reports/NASA_to_test_commercial_robotic_arm_in_orbit_to_advance_in_space_construction_999.html
807,1036,0.85584876981098,0.9,Both articles discuss global investors turning to Chinese AI stocks amid concerns over Wall Street valuations and the growing importance of Chinese AI companies in the global investment landscape.,Global investors turn to Chinese AI stocks amid Wall Street valuation concerns,Global investors turn to Chinese AI as Wall Street fears bubble,"Global investors are turning to Chinese AI stocks due to concerns over overvalued U.S. tech stocks. Factors such as policy support, chipmaker listings, and China's focus on technological independence ","Global investors are shifting focus towards Chinese artificial intelligence companies, moving away from Wall Street amid concerns of a potential bubble. This trend reflects a growing interest in diver",https://economictimes.indiatimes.com/markets/us-stocks/news/global-investors-turn-to-chinese-ai-stocks-amid-wall-street-valuation-concerns/articleshow/126153444.cms,https://finance.yahoo.com/news/analysis-global-investors-turn-chinese-072806140.html
1039,1042,0.8889171993548574,1.0,"Both articles discuss India's preparedness for short and long duration wars, focusing on combating terrorism and resolving land disputes as highlighted by General Anil Chauhan, the Chief of Defence Staff.","India must be prepared to fight short, long duration wars: CDS","India must be prepared to fight short and long duration wars: CDS citing terror, land disputes","The article discusses the importance for India to be ready for short-duration, high-intensity conflicts like Operation Sindoor to combat terrorism, as well as long-duration conflicts due to territoria",General Anil Chauhan emphasized India's readiness for short and long wars due to terrorism and land disputes. He highlighted the importance of preparedness for swift and intense conflicts. The article,https://statetimes.in/india-must-be-prepared-to-fight-short-long-duration-wars-cds/,https://economictimes.indiatimes.com/news/defence/india-must-be-prepared-to-fight-short-and-long-duration-wars-cds-citing-terror-land-disputes/articleshow/126124226.cms
1061,1066,0.9805002978630063,0.9,"Both articles discuss the development of the robo-infra universal robotics infrastructure, emphasizing its standardized platform for controlling various types of robots and its potential to streamline operations across industries.",robo-infra 0.1.12,robo-infra 0.1.10,"The article ""robo-infra 0.1.12"" discusses the development of a universal robotics infrastructure that enables the control of various robots, from servos to rockets. This infrastructure, version 0.1.12","The article ""robo-infra 0.1.10"" discusses the development of a universal robotics infrastructure that enables the control of various robots, from servos to rockets. This infrastructure aims to provide",https://pypi.org/project/robo-infra/0.1.12/,https://pypi.org/project/robo-infra/0.1.10/
1061,1076,0.9737274090720567,0.9,"Both articles discuss the development of the robo-infra universal robotics infrastructure, emphasizing its ability to control various types of robots and streamline operations across different industries.",robo-infra 0.1.12,robo-infra 0.1.9,"The article ""robo-infra 0.1.12"" discusses the development of a universal robotics infrastructure that enables the control of various robots, from servos to rockets. This infrastructure, version 0.1.12","The article discusses the robo-infra 0.1.9, focusing on universal robotics infrastructure that enables the control of various robots, from servos to rockets. This infrastructure offers a versatile pla",https://pypi.org/project/robo-infra/0.1.12/,https://pypi.org/project/robo-infra/0.1.9/
1061,1077,0.9720217623584413,0.9,"Both articles discuss the development of robo-infra, a universal robotics infrastructure for controlling various types of robots from servos to rockets. They emphasize the importance of standardized control across different applications and industries, showcasing the potential to enhance efficiency in robotics operations.",robo-infra 0.1.12,robo-infra 0.1.8,"The article ""robo-infra 0.1.12"" discusses the development of a universal robotics infrastructure that enables the control of various robots, from servos to rockets. This infrastructure, version 0.1.12","The article discusses robo-infra 0.1.8, focusing on universal robotics infrastructure that allows controlling robots ranging from servos to rockets. The platform aims to provide a comprehensive soluti",https://pypi.org/project/robo-infra/0.1.12/,https://pypi.org/project/robo-infra/0.1.8/
1066,1076,0.9770080054338655,0.9,"Both articles discuss the development of robo-infra, a universal robotics infrastructure for controlling various types of robots, emphasizing efficiency and versatility in robotics applications.",robo-infra 0.1.10,robo-infra 0.1.9,"The article ""robo-infra 0.1.10"" discusses the development of a universal robotics infrastructure that enables the control of various robots, from servos to rockets. This infrastructure aims to provide","The article discusses the robo-infra 0.1.9, focusing on universal robotics infrastructure that enables the control of various robots, from servos to rockets. This infrastructure offers a versatile pla",https://pypi.org/project/robo-infra/0.1.10/,https://pypi.org/project/robo-infra/0.1.9/
1066,1077,0.9755657231447863,0.9,"Both articles discuss the development of robo-infra, a universal robotics infrastructure for controlling various types of robots efficiently, from servos to rockets. They emphasize the importance of a versatile platform in robotics applications.",robo-infra 0.1.10,robo-infra 0.1.8,"The article ""robo-infra 0.1.10"" discusses the development of a universal robotics infrastructure that enables the control of various robots, from servos to rockets. This infrastructure aims to provide","The article discusses robo-infra 0.1.8, focusing on universal robotics infrastructure that allows controlling robots ranging from servos to rockets. The platform aims to provide a comprehensive soluti",https://pypi.org/project/robo-infra/0.1.10/,https://pypi.org/project/robo-infra/0.1.8/
1076,1077,0.9849074900526414,0.9,"Both articles discuss different versions of the same robo-infra technology, focusing on universal robotics infrastructure for controlling various types of robots. The core story and main points are the same, with slight variations in wording.",robo-infra 0.1.9,robo-infra 0.1.8,"The article discusses the robo-infra 0.1.9, focusing on universal robotics infrastructure that enables the control of various robots, from servos to rockets. This infrastructure offers a versatile pla","The article discusses robo-infra 0.1.8, focusing on universal robotics infrastructure that allows controlling robots ranging from servos to rockets. The platform aims to provide a comprehensive soluti",https://pypi.org/project/robo-infra/0.1.9/,https://pypi.org/project/robo-infra/0.1.8/
1309,1311,0.9410014876130062,1.0,"Both articles report on SoftBank's urgent efforts to fulfill a $22.5 billion funding commitment to OpenAI by the end of the year, highlighting the financial challenges and strategies involved in meeting this commitment.","SoftBank races to fulfil $22.5 billion funding commitment to OpenAI by year-end, sources say",SoftBank races to fulfill $22.5 billion funding commitment to OpenAI by year-end,"SoftBank is working urgently to secure $22.5 billion for OpenAI, exploring asset sales and potential loans backed by Arm shares. Masayoshi Son is prioritizing this funding commitment, delaying other d","SoftBank Group is urgently working to meet a $22.5 billion funding commitment to OpenAI by the end of the year. This involves utilizing various cash-raising strategies, such as selling assets. This fi",https://economictimes.indiatimes.com/tech/technology/softbank-races-to-fulfill-22-5-billion-funding-commitment-to-openai-by-year-end-sources-say/articleshow/126089318.cms,https://finance.yahoo.com/news/exclusive-softbank-races-fulfill-22-233202534.html
1309,1588,0.8889169884147672,1.0,"Both articles report on SoftBank's urgent efforts to secure $22.5 billion funding for OpenAI by the year-end, highlighting the financial challenges and pressures faced by the company in fulfilling its commitment to the AI partner.","SoftBank races to fulfil $22.5 billion funding commitment to OpenAI by year-end, sources say",Report: SoftBank scrambles to find $22.5B for OpenAI before the end of the year,"SoftBank is working urgently to secure $22.5 billion for OpenAI, exploring asset sales and potential loans backed by Arm shares. Masayoshi Son is prioritizing this funding commitment, delaying other d","SoftBank Group Corp. is urgently seeking $22.5 billion to fulfill its financial commitment to OpenAI Group PBC, an artificial intelligence partner. SoftBank's CEO, Masayoshi Son, is under pressure to ",https://economictimes.indiatimes.com/tech/technology/softbank-races-to-fulfill-22-5-billion-funding-commitment-to-openai-by-year-end-sources-say/articleshow/126089318.cms,https://siliconangle.com/2025/12/22/report-softbank-scrambles-find-22-5b-openai-end-year/
1311,1588,0.8779028785141115,1.0,"Both articles report on SoftBank's urgent efforts to secure $22.5 billion funding for OpenAI by the end of the year, emphasizing the importance of financial commitments in advancing artificial intelligence research.",SoftBank races to fulfill $22.5 billion funding commitment to OpenAI by year-end,Report: SoftBank scrambles to find $22.5B for OpenAI before the end of the year,"SoftBank Group is urgently working to meet a $22.5 billion funding commitment to OpenAI by the end of the year. This involves utilizing various cash-raising strategies, such as selling assets. This fi","SoftBank Group Corp. is urgently seeking $22.5 billion to fulfill its financial commitment to OpenAI Group PBC, an artificial intelligence partner. SoftBank's CEO, Masayoshi Son, is under pressure to ",https://finance.yahoo.com/news/exclusive-softbank-races-fulfill-22-233202534.html,https://siliconangle.com/2025/12/22/report-softbank-scrambles-find-22-5b-openai-end-year/
1317,1322,0.9248061692391647,1.0,"Both articles discuss the merger between Trump Media & Technology Group and TAE Technologies in a $6 billion deal, focusing on Truth Social's entry into fusion energy and its impact on the energy and technology sectors.",Trump’s Truth Social Merges With Nuclear Fusion Company in $6 Billion Deal,Trump Goes Nuclear: Truth Social’s $6 Billion Leap into Fusion Energy,"The article discusses the merger between Trump Media & Technology Group (TMTG), the company behind Truth Social, and nuclear fusion firm TAE Technologies in a $6 billion deal. This strategic move aims","The article discusses Trump Media & Technology Group's merger with TAE Technologies in a $6 billion deal, marking Truth Social's entry into fusion energy. This strategic move combines a social media c",https://freerepublic.com/focus/f-news/4358044/posts,https://oilprice.com/Energy/Energy-General/Trump-Goes-Nuclear-Truth-Socials-6-Billion-Leap-into-Fusion-Energy.html
1409,1412,0.8568909415834867,0.9,Both articles report on McDonald's pulling an AI-generated Christmas ad after facing backlash and criticism.,McDonald’s pulls AI-generated Christmas ad after backlash over 'soulless' visuals and holiday chaos,McDonald's pulls AI Christmas ad after backlash,"McDonald's faced criticism and withdrew an AI-generated Christmas advertisement due to negative reception from the public. The ad was deemed soulless and chaotic, prompting the company to take action.","McDonald's withdrew an AI Christmas ad following criticism, considering it a valuable learning experience for AI usage.",https://www.techradar.com/ai-platforms-assistants/mcdonalds-pulls-ai-generated-christmas-ad-after-backlash-over-soulless-visuals-and-holiday-chaos,https://www.bbc.com/news/articles/czdgrnvp082o
